country_code,year,gdp_growth_pct,inflation_pct,lpi_overall_legacy,trade_openness_pct_gdp
BEN,2008,4.89657708429647,7.94729876067854,,36.4844386658282
BEN,2009,2.31929213912838,0.896072355749069,,33.7727295964945
BEN,2010,2.11406472648392,2.20783532536524,2.79,34.9856244790097
BEN,2011,2.96375291904201,2.7042390774728,,33.0954235793169
BEN,2012,4.811223315688,6.74468253340712,2.85,33.9455922757116
BEN,2013,7.19143372144946,0.428888888888884,,39.8790682467891
BEN,2014,6.35767909791932,-0.548757550948181,2.560822,48.0860145999601
BEN,2015,1.77815106030278,0.218785923536245,,37.257991006643
BEN,2016,3.33967342629693,-0.793310145785624,2.428125,39.3027165030984
BEN,2017,5.67156195150444,0.0432648555103608,,44.9547686797708
BEN,2018,6.69725362180888,0.919170717886054,2.75,54.1212953053287
BEN,2019,6.86568662848335,0.732849371241066,,48.5280171335178
BEN,2020,3.84879240030133,3.02272119663759,,41.7613807154525
BEN,2021,7.1554516457574,1.73353962694036,,46.0774167090461
BEN,2022,6.25294705373625,1.35077863583527,2.9,49.5426072162145
BEN,2023,6.3527773854442,2.73870078406075,,47.2823789270459
BEN,2024,7.45311566226201,1.16093089640415,,41.2379412937455
BFA,2008,5.79999174105387,10.6597978997424,,28.6834735616135
BFA,2009,2.96195085866692,2.60817666368314,,29.3100078980746
BFA,2010,8.44628157707625,-0.764230734676768,2.23,35.9954191486557
BFA,2011,6.62256261306693,2.75976724854534,,39.7755155082652
BFA,2012,6.45267237953146,3.8181524025238,2.32,45.8322828867029
BFA,2013,5.79258484509867,0.533738507090536,,49.9914443825335
BFA,2014,4.32684561452976,-0.258089517535291,2.6383,43.2402857948083
BFA,2015,3.9212287937935,0.724838981070517,,44.4213085692402
BFA,2016,5.95797670754024,0.441041448058809,2.73081,45.6154788056682
BFA,2017,6.20348941121868,1.48299897161326,,47.749494530721
BFA,2018,6.60456906812341,1.95594302672532,2.62,47.5454280352741
BFA,2019,5.88920497068135,-3.23338933983322,,46.922519234808
BFA,2020,2.01077262406221,1.88470066518847,,47.9435540216211
BFA,2021,6.94252492572348,3.65326761825509,,49.0264856775805
BFA,2022,1.62673258211919,14.2902354303358,2.3,53.8168468408676
BFA,2023,3.00027415814125,0.742910428668918,,51.5317196340603
BFA,2024,4.83395810163883,4.19081721344523,,52.1815842846873
CIV,2008,4.7826659787672,6.30852769152578,,
CIV,2009,3.60332156667053,1.01950457731138,,
CIV,2010,6.84804939907013,1.2264561213548,2.53,
CIV,2011,-5.37044724000579,4.9124339505245,,
CIV,2012,7.62041176451649,1.30451119915606,2.73,
CIV,2013,10.7602131311256,2.58117037252936,,
CIV,2014,9.37199994240375,0.448682076766141,2.761981,
CIV,2015,7.19494942728191,1.25149954781468,,
CIV,2016,7.17275963956332,0.723178457513308,2.602573,
CIV,2017,7.41076242592504,0.685881065304603,,
CIV,2018,4.84314605889178,0.401297817263547,3.08,
CIV,2019,6.72137167584978,0.790855512053661,,
CIV,2020,0.699728593494228,2.41252617189053,,
CIV,2021,7.06253713446816,4.15919657911798,,
CIV,2022,6.39988362730921,5.23352856100843,,
CIV,2023,6.60000045209176,4.36972254867474,,
CIV,2024,6.0195346193922,3.45053028131019,,
GHA,2008,9.14979893831817,16.494639613412,,54.1817788387651
GHA,2009,4.84448705175076,19.2469482220857,,53.3078016772251
GHA,2010,7.89971194051621,10.7333898354915,2.47,58.644021335595
GHA,2011,14.0471235803149,8.7284593709302,,72.7641699123625
GHA,2012,9.2927894063005,11.1863409441067,2.51,75.8752345917387
GHA,2013,7.31252501678145,11.6661923071729,,49.8872461359282
GHA,2014,2.85624016330883,15.4896160333318,2.626934,50.8737123397321
GHA,2015,2.12075933817334,17.1499695007878,,48.1139495320654
GHA,2016,3.37346574966936,17.4546347070868,2.660931,42.8503902951703
GHA,2017,8.12889488100956,12.3719215507048,,43.8549647138993
GHA,2018,6.20007768127284,7.80876516610703,2.57,41.7443795466076
GHA,2019,6.5077747939152,7.14364003330857,,42.5426209945473
GHA,2020,0.513941670628171,9.88728956269944,,38.4254746538806
GHA,2021,5.07646643533542,9.9710886750444,,35.6615526699214
GHA,2022,3.80484978178042,31.2558951049016,2.5,43.1512853446266
GHA,2023,3.14009100080186,38.1069656296501,,38.129221445048
GHA,2024,5.84746854280382,22.8483281157842,,41.4906793642673
GIN,2008,4.13301615965833,23.065612938798,,38.8846929077576
GIN,2009,-1.12264204848687,4.68438868976504,,31.4132758060335
GIN,2010,4.81336016967553,15.0502688559001,2.6,41.9641611892081
GIN,2011,5.61211177430975,21.3169268542577,,52.1581199310507
GIN,2012,5.91528626133322,15.2262941038638,2.48,54.7522336230856
GIN,2013,3.94568708624053,11.8875884481828,,44.8271844271033
GIN,2014,3.69655311664086,6.1505055670642,2.464191,50.5554874010367
GIN,2015,3.82591056949435,11.7800825029834,,45.1774944011485
GIN,2016,10.82062719659,8.17268112275132,2.35896,79.6072085402517
GIN,2017,10.3000053427355,8.91435947913097,,78.2398018789907
GIN,2018,6.35849192736715,9.82761701259191,2.2,62.1066133104135
GIN,2019,5.61691446889876,9.47001039253012,,55.1593870245608
GIN,2020,4.70459096113575,10.6016203387167,,89.8450930295602
GIN,2021,5.5823328114905,12.5972882566934,,84.515215794286
GIN,2022,3.97240784200721,10.4930409984424,2.5,68.2857407252463
GIN,2023,5.54172668627702,7.80497591927973,,62.5858649034575
GIN,2024,5.35004659049265,8.12313914948596,,62.9021646623643
GMB,2008,6.25590553394287,4.4436549094501,,21.5140933010006
GMB,2009,6.6657243078367,4.56150687670983,,25.5147337459129
GMB,2010,5.90833580968288,5.04968075857402,2.49,22.8731394015039
GMB,2011,-8.13044422315659,4.7958826618311,,31.4252686514921
GMB,2012,5.24156924630741,4.25432199813899,2.46,35.7595975699698
GMB,2013,2.872768790327,5.69912989637382,,35.1844049043534
GMB,2014,-1.40738249510954,5.94799935696626,2.249081,41.6442408156796
GMB,2015,4.0580738039996,6.8084549457961,,38.8194079432661
GMB,2016,1.94335965478776,7.22879272057922,,29.7053935070257
GMB,2017,4.8226112492757,8.03418974545911,,44.6538490625532
GMB,2018,7.23489033258579,6.52096823946573,2.4,48.9024972414999
GMB,2019,6.22205315994859,7.11567625631192,,41.5745462277864
GMB,2020,0.591487287873974,5.93127636562441,,40.8350009150506
GMB,2021,5.25596878816744,7.37034758876618,,36.839199792676
GMB,2022,5.49299823010114,11.5131198380505,2.3,43.8601558496666
GMB,2023,5.91679576551141,16.9742129632327,,116.443942107717
GMB,2024,5.55126065805138,11.5610532897511,,56.1772351005796
GNB,2008,4.52457514610252,10.4600731354706,,67.5996578272003
GNB,2009,2.44795106098685,-1.65139733620775,,69.6497870129622
GNB,2010,5.60536311358261,2.51785140171701,2.1,62.5457033755995
GNB,2011,8.08504167173554,5.046102263202,,45.0273583431508
GNB,2012,-1.71286958446419,2.13054580274503,2.6,32.5896732912414
GNB,2013,3.25607190852087,1.20712555668405,,33.0725133360306
GNB,2014,0.964525745841428,-1.50924460570494,2.426464,37.524750445498
GNB,2015,6.1340893623123,1.47672048910485,,43.6486385784299
GNB,2016,5.4326782650304,1.50312055861088,2.370681,44.6559708147317
GNB,2017,4.66367943913264,1.69111461822298,,47.075515052961
GNB,2018,3.76145359637003,0.381324702790992,2.39,44.0116604310746
GNB,2019,5.32749571119344,0.24660026814783,,39.7189681245547
GNB,2020,2.89149979806913,1.14000939393222,,33.7231105222779
GNB,2021,5.0173096003907,2.24248879577658,,37.3241657979758
GNB,2022,5.45776090019501,9.39075933985203,2.6,38.464854619022
GNB,2023,4.63052364601562,7.10220928557059,,34.3806647151162
GNB,2024,4.40920107183611,3.76555825770114,,32.5328698816933
LBR,2008,7.14569112811476,17.489448642993,,61.1239860950174
LBR,2009,5.30054050291531,7.42764305914919,,39.5927601809955
LBR,2010,6.09982524004147,7.28992796890218,2.38,46.6466466466466
LBR,2011,8.20076822497064,8.488167518494,,58.8407005838199
LBR,2012,7.99381444555367,6.83178703418548,2.45,52.4786019843718
LBR,2013,8.68728781639683,7.577306817414,,53.7895323555683
LBR,2014,0.701393100287518,9.86111285574904,2.62,75.6746233009636
LBR,2015,-0.0185649695590939,7.74869687621322,,61.0459804212216
LBR,2016,-1.5549586174878,8.83424868336488,2.203914,46.5216243456223
LBR,2017,2.45515592012239,12.4196323907138,,42.6755109279095
LBR,2018,1.15757512207355,23.5635148953742,2.23,49.404649144017
LBR,2019,-2.46729763532686,26.9662760197878,,47.475649525477
LBR,2020,-2.98249127649473,16.9557241496255,,53.8391688013162
LBR,2021,4.98671283481617,7.81559385858648,,67.2065679689398
LBR,2022,4.80810517290655,7.59298486560313,2.4,68.6570290226533
LBR,2023,4.68375688761311,10.0944535665552,,72.4601366742597
LBR,2024,4.02185464964835,8.21497439118964,,62.4986805078542
NGA,2008,6.76447277784263,11.583054796681,,40.1279881768683
NGA,2009,8.03692510100366,12.5379242951095,,30.7272152994775
NGA,2010,8.00565591623166,13.7400521363694,2.59,34.9423292856474
NGA,2011,5.30792420293915,10.8261371880018,,41.4991143112012
NGA,2012,4.23006117492493,12.2242413020582,2.45,35.7134375825485
NGA,2013,6.67133539308232,8.49551838265678,,28.177304182021
NGA,2014,6.30971865521856,8.04741087967907,2.808778,28.1094677845022
NGA,2015,2.65269329541779,9.00943498007706,,19.2516963708397
NGA,2016,-1.61686894903467,15.6968126387972,2.62809,17.0107868037786
NGA,2017,0.805886619091581,16.5022662139641,,20.1575144413897
NGA,2018,1.92275734199798,12.0951065173432,2.53,24.5540341880582
NGA,2019,2.20842927835211,11.3964223378115,,17.627128982842
NGA,2020,-6.36889840468527,13.2460234276598,,11.9237507201125
NGA,2021,1.109252540249,16.9528457221608,,16.2113387688552
NGA,2022,4.31882949157136,18.8471877843274,2.6,19.0781282725751
NGA,2023,3.31590368111438,24.659550203114,,21.4634013401566
NGA,2024,4.07106650147703,33.2416590552749,,37.493972512774
SEN,2008,3.70316906391386,7.34720236578406,,51.6079586626956
SEN,2009,2.75210448455053,-2.2480214785534,,41.6824924526906
SEN,2010,3.39088925336209,1.22868119673344,2.86,43.0672039376843
SEN,2011,1.33409107961258,3.40322829786971,,47.4394602169164
SEN,2012,4.00299555090457,1.41822871177854,2.49,50.767599733645
SEN,2013,2.41238527605579,0.710245486695176,,48.6979322961687
SEN,2014,6.22407443790986,-1.09025507446895,2.62217,47.0014693102503
SEN,2015,6.36704365066983,0.135211933635165,,46.1721953389446
SEN,2016,6.35606857208136,0.837284942557434,2.327711,42.6358552209813
SEN,2017,7.40748618589598,1.31815314847789,,46.3532923956841
SEN,2018,6.20924103388887,0.460985642464188,2.25,50.5868018047537
SEN,2019,4.6136280976221,1.76011151192939,,52.6534015992011
SEN,2020,1.34207377285524,2.54314685681662,,47.8628391584428
SEN,2021,6.5440010991951,2.18032278088147,,54.1445328365174
SEN,2022,3.85043193752725,9.69681899081073,,63.97720711662
SEN,2023,4.25743083300657,5.93947798773215,,56.0197237718848
SEN,2024,6.46220577412338,0.804503298792438,,55.0171034260419
SLE,2008,3.68605969932123,8.21112432289608,,18.037972248254
SLE,2009,1.53080323958716,7.46901898540982,,18.9962920884399
SLE,2010,6.35566595800495,7.18566275668163,1.97,26.0626453246064
SLE,2011,8.10065518714917,6.79138291952621,,42.5165792858116
SLE,2012,10.578331663387,6.58776239392585,2.08,44.385347134108
SLE,2013,14.6633238075229,5.52412877994266,,49.2751812584475
SLE,2014,-7.81501512457241,4.63931171409667,,40.5925534898015
SLE,2015,-4.36333262093788,6.68943562498681,,30.080934323619
SLE,2016,6.43743652764257,10.8860609413903,2.025402,27.809292368436
SLE,2017,3.20786087715987,18.2215094003386,,32.4878236444628
SLE,2018,2.8938564123677,16.0295447693699,2.08,29.856750089709
SLE,2019,5.50270937378153,14.8049990906021,,32.7580989172304
SLE,2020,-1.2533490322766,13.4468711101052,,38.410314134214
SLE,2021,5.8968527047094,11.8739588840234,,34.8824319839949
SLE,2022,5.3135546141915,27.2082883814653,,42.4792414436674
SLE,2023,5.7100218981806,47.6428733253179,,50.6557759114459
SLE,2024,4.29322334404611,28.6337500014115,,50.0062598622739
TGO,2008,4.03561315398862,8.69482814363902,,51.58503749656
TGO,2009,5.45381096920332,3.71360592035809,,51.0812594324333
TGO,2010,5.85433399076879,1.44594517430864,2.6,56.0215603956593
TGO,2011,5.82325622135289,3.5635147290396,,62.0753853676863
TGO,2012,6.30271426865185,2.57718174055848,2.58,68.2362903882098
TGO,2013,5.82425069283059,1.82539475909162,,71.2585961805301
TGO,2014,5.63323739145223,0.19087507624975,2.31846,60.2191535365848
TGO,2015,5.4680413807304,2.58500390801595,,58.1534969999065
TGO,2016,4.21490387414525,1.28544847051417,2.617778,54.3058638108259
TGO,2017,4.00791259566937,-0.981889868943119,,45.2451550337957
TGO,2018,4.79518333086139,0.927755426457183,2.45,45.4673765350623
TGO,2019,4.91949260488683,0.674652770077525,,44.9882151676176
TGO,2020,2.15900131150536,1.69928463299399,,46.3129225591253
TGO,2021,5.13562929064506,4.1862150652352,,46.5482846470382
TGO,2022,6.29443692019429,7.96757361617945,2.5,51.327404994559
TGO,2023,6.19762969378132,5.48928568141131,,49.6847748547778
TGO,2024,6.52651376797853,2.86262074089801,,45.7276956329181
